<?xml version="1.0" encoding="UTF-8"?>
<project-private xmlns="http://www.netbeans.org/ns/project-private/1">
    <editor-bookmarks xmlns="http://www.netbeans.org/ns/editor-bookmarks/2" lastBookmarkId="0"/>
    <open-files xmlns="http://www.netbeans.org/ns/projectui-open-files/2">
        <group>
            <file>file:/C:/Users/HP/Desktop/Uni%202023/Pagos%20U/Semestre%207/Programación/Tareas/Tarea3Progra/src/tarea3progra/NodoArbol.java</file>
            <file>file:/C:/Users/HP/Desktop/Uni%202023/Pagos%20U/Semestre%207/Programación/Tareas/Tarea3Progra/src/tarea3progra/ArbolBinario.java</file>
            <file>file:/C:/Users/HP/Desktop/Uni%202023/Pagos%20U/Semestre%207/Programación/Tareas/Tarea3Progra/src/tarea3progra/Tarea3Progra.java</file>
        </group>
    </open-files>
</project-private>
